sl no,x,y
1,24,21.54945196
2,50,47.46446305
3,15,17.21865634
4,38,36.58639803
5,87,87.28898389
6,36,32.46387493
7,12,10.78089683
8,81,80.7633986
9,25,24.61215147
10,5,6.963319071
11,16,11.23757338
12,16,13.53290206
13,24,24.60323899
14,39,39.40049976
